ID,First name,Last name,Email
1,Merle,Millda,Merle.Millda@hotmail.com
2,Karolina,Tound,Karolina.Tound@hotmail.com
3,Bill,Weaks,Bill.Weaks@hotmail.com
4,Vita,Old,Vita.Old@hotmail.com
5,Larine,Carleen,Larine.Carleen@hotmail.com
6,Krystle,Yusuk,Krystle.Yusuk@hotmail.com
7,Paule,Wenoa,Paule.Wenoa@hotmail.com
8,Elmira,Dudley,Elmira.Dudley@hotmail.com
9,Daune,Dash,Daune.Dash@hotmail.com
10,Viviene,O'Carroll,Viviene.O'Carroll@hotmail.com