Id,FirstName,LastName,Email
1,Bird,Vannikov,bvannikov0@washington.edu
2,Frasco,Soldan,fsoldan1@altervista.org
3,Erna,Lynnett,elynnett2@shop-pro.jp
4,Garvin,Eagles,geagles3@webmd.com
5,Shayne,Kliche,skliche4@devhub.com
6,Glennis,Spatoni,gspatoni5@boston.com
7,Florentia,Meeke,fmeeke6@cdbaby.com
8,Alana,Woan,awoan7@issuu.com
9,Case,Crake,ccrake8@nydailynews.com
10,Haskel,Mapp,hmapp9@mediafire.com
Created @ Mon Mar 28 16:45:21 ICT 2022